entry_id,field5,field4
1,80.0,16.0
2,100.0,21.0
3,100.0,21.0
4,100.0,21.0
5,100.0,21.0
6,100.0,21.0
7,100.0,21.0
8,100.0,21.0
9,100.0,21.0
10,100.0,21.0
11,100.0,21.0
12,10.0,3.0
13,10.0,3.0
14,10.0,3.0
15,10.0,3.0
16,10.0,2.0
17,10.0,2.0
18,10.0,2.0
19,10.0,2.0
20,10.0,3.0
21,10.0,3.0
22,10.0,3.0
23,10.0,3.0
24,10.0,2.0
25,10.0,3.0
26,10.0,2.0
27,10.0,2.0
28,10.0,2.0
29,30.0,7.0
30,30.0,7.0
31,30.0,7.0
32,30.0,7.0
33,30.0,7.0
34,30.0,7.0
35,30.0,7.0
36,30.0,7.0
37,30.0,7.0
38,30.0,7.0
39,30.0,7.0
40,30.0,7.0
41,30.0,7.0
42,30.0,7.0
43,30.0,7.0
44,30.0,6.0
45,30.0,7.0
46,30.0,7.0
47,30.0,6.0
48,50.0,10.0
49,50.0,10.0
50,50.0,10.0
51,50.0,10.0
52,50.0,10.0
53,50.0,10.0
54,50.0,10.0
55,50.0,10.0
56,50.0,10.0
57,50.0,10.0
58,50.0,10.0
59,50.0,10.0
60,50.0,10.0
61,50.0,10.0
62,50.0,10.0
63,50.0,10.0
64,50.0,10.0
65,50.0,10.0
66,50.0,10.0
67,50.0,10.0
68,50.0,10.0
69,50.0,10.0
70,50.0,10.0
71,50.0,10.0
72,50.0,10.0
73,50.0,10.0
74,50.0,10.0
75,50.0,10.0
76,50.0,10.0
77,50.0,10.0
78,50.0,10.0
79,50.0,10.0
80,50.0,10.0
81,50.0,10.0
82,50.0,10.0
83,50.0,10.0
84,50.0,10.0
85,50.0,10.0
86,50.0,10.0
87,50.0,10.0
88,50.0,10.0
89,50.0,10.0
90,50.0,10.0
91,50.0,11.0
92,50.0,11.0
93,50.0,11.0
94,50.0,11.0
95,50.0,11.0
96,50.0,11.0
97,50.0,11.0
98,50.0,11.0
99,50.0,11.0
100,50.0,11.0
101,50.0,11.0
102,50.0,11.0
103,50.0,11.0
104,50.0,11.0
105,50.0,11.0
106,50.0,11.0
107,50.0,11.0
108,50.0,11.0
109,50.0,11.0
110,50.0,11.0
111,50.0,11.0
112,50.0,11.0
113,50.0,11.0
114,50.0,10.0
115,50.0,11.0
116,50.0,10.0
117,50.0,11.0
118,50.0,10.0
119,50.0,10.0
120,50.0,10.0
121,50.0,10.0
122,50.0,11.0
123,50.0,10.0
124,50.0,10.0
125,50.0,11.0
126,50.0,11.0
127,50.0,10.0
128,50.0,10.0
129,50.0,10.0
130,50.0,10.0
131,50.0,10.0
132,50.0,10.0
133,50.0,10.0
134,50.0,10.0
135,50.0,10.0
136,50.0,10.0
137,50.0,10.0
138,50.0,10.0
139,50.0,10.0
140,50.0,10.0
141,50.0,10.0
142,50.0,10.0
143,50.0,10.0
144,50.0,11.0
145,60.0,13.0
146,60.0,13.0
147,60.0,13.0
148,60.0,13.0
149,60.0,13.0
150,60.0,13.0
151,60.0,13.0
152,60.0,13.0
153,60.0,13.0
154,60.0,13.0
155,60.0,13.0
156,60.0,13.0
157,60.0,13.0
158,60.0,13.0
159,70.0,14.0
160,60.0,13.0
161,60.0,13.0
162,70.0,14.0
163,70.0,14.0
164,60.0,13.0
165,60.0,13.0
166,60.0,13.0
167,70.0,14.0
168,60.0,13.0
169,60.0,13.0
170,70.0,14.0
171,60.0,13.0
172,70.0,14.0
173,70.0,14.0
174,70.0,14.0
175,70.0,14.0
176,60.0,13.0
177,60.0,13.0
178,70.0,14.0
179,60.0,13.0
180,60.0,13.0
181,60.0,13.0
182,70.0,14.0
183,60.0,13.0
184,70.0,14.0
185,70.0,14.0
186,70.0,14.0
187,60.0,13.0
188,60.0,13.0
189,60.0,13.0
190,60.0,13.0
191,70.0,14.0
192,70.0,14.0
193,70.0,14.0
194,70.0,14.0
195,70.0,14.0
196,70.0,14.0
197,70.0,14.0
198,60.0,13.0
199,70.0,14.0
200,60.0,13.0
201,60.0,13.0
202,60.0,13.0
203,60.0,13.0
204,70.0,14.0
205,60.0,13.0
206,70.0,14.0
207,70.0,14.0
208,70.0,14.0
209,70.0,14.0
210,60.0,13.0
211,70.0,15.0
212,70.0,15.0
213,70.0,15.0
214,70.0,15.0
215,70.0,15.0
216,70.0,15.0
217,70.0,15.0
218,70.0,15.0
219,70.0,15.0
220,70.0,15.0
221,70.0,15.0
222,70.0,15.0
223,70.0,15.0
224,70.0,15.0
225,70.0,15.0
226,90.0,18.0
227,90.0,18.0
228,90.0,18.0
229,90.0,18.0
230,90.0,18.0
231,90.0,18.0
232,90.0,18.0
233,90.0,18.0
234,90.0,18.0
235,90.0,18.0
236,90.0,18.0
237,90.0,18.0
238,90.0,18.0
239,90.0,18.0
240,90.0,18.0
241,90.0,18.0
242,90.0,18.0
243,90.0,18.0
244,90.0,18.0
245,90.0,19.0
246,90.0,18.0
247,90.0,18.0
248,90.0,18.0
249,90.0,18.0
250,90.0,19.0
251,90.0,18.0
252,90.0,19.0
253,90.0,19.0
254,90.0,19.0
255,90.0,19.0
256,90.0,19.0
257,90.0,19.0
258,90.0,19.0
259,90.0,19.0
260,90.0,19.0
261,90.0,19.0
262,90.0,19.0
263,90.0,19.0
264,90.0,19.0
265,90.0,19.0
266,90.0,19.0
267,90.0,19.0
268,90.0,19.0
269,90.0,19.0
270,100.0,21.0
271,100.0,21.0
272,100.0,21.0
273,100.0,21.0
274,100.0,21.0
275,100.0,21.0
276,0.0,-3.0
277,10.0,2.0
278,10.0,2.0
279,10.0,2.0
280,10.0,2.0
281,10.0,2.0
282,10.0,2.0
283,10.0,2.0
284,0.0,1.0
285,10.0,2.0
286,10.0,2.0
287,10.0,2.0
288,10.0,2.0
289,10.0,2.0
290,10.0,2.0
291,10.0,2.0
292,10.0,2.0
293,10.0,2.0
294,10.0,2.0
295,10.0,2.0
296,10.0,2.0
297,10.0,2.0
298,10.0,2.0
299,10.0,2.0
300,10.0,2.0
301,10.0,2.0
302,10.0,2.0
303,10.0,2.0
304,10.0,2.0
305,10.0,2.0
306,10.0,2.0
307,10.0,2.0
308,10.0,2.0
309,10.0,2.0
310,10.0,2.0
311,10.0,2.0
312,10.0,2.0
313,10.0,2.0
314,10.0,2.0
315,10.0,2.0
316,10.0,2.0
317,10.0,2.0
318,10.0,2.0
319,10.0,2.0
320,10.0,2.0
321,10.0,2.0
322,10.0,2.0
323,10.0,2.0
324,10.0,2.0
325,10.0,2.0
326,10.0,2.0
327,10.0,2.0
328,10.0,2.0
329,10.0,2.0
330,10.0,2.0
331,10.0,2.0
332,10.0,2.0
333,10.0,2.0
334,10.0,2.0
335,10.0,2.0
336,10.0,2.0
337,10.0,2.0
338,10.0,2.0
339,10.0,2.0
340,10.0,2.0
341,10.0,2.0
342,10.0,2.0
343,10.0,2.0
344,10.0,2.0
345,10.0,2.0
346,10.0,2.0
347,10.0,2.0
348,10.0,2.0
349,10.0,2.0
350,10.0,2.0
351,10.0,2.0
352,10.0,2.0
353,10.0,2.0
354,10.0,2.0
355,10.0,2.0
356,10.0,2.0
357,10.0,2.0
358,10.0,2.0
359,10.0,2.0
360,10.0,2.0
361,10.0,2.0
362,10.0,2.0
363,10.0,2.0
364,10.0,2.0
365,10.0,2.0
366,10.0,2.0
367,10.0,2.0
368,10.0,2.0
369,10.0,2.0
370,10.0,2.0
371,10.0,2.0
372,10.0,2.0
373,20.0,4.0
374,40.0,8.0
375,40.0,8.0
376,40.0,8.0
377,40.0,8.0
378,30.0,7.0
379,30.0,7.0
380,40.0,8.0
381,40.0,8.0
382,40.0,8.0
383,40.0,8.0
384,40.0,8.0
385,40.0,8.0
386,40.0,8.0
387,40.0,9.0
388,40.0,9.0
389,40.0,9.0
390,40.0,9.0
391,40.0,9.0
392,40.0,9.0
393,40.0,9.0
394,40.0,9.0
395,40.0,9.0
396,40.0,9.0
397,40.0,9.0
398,40.0,9.0
399,40.0,9.0
400,40.0,9.0
401,40.0,9.0
402,40.0,9.0
403,40.0,9.0
404,40.0,9.0
405,40.0,9.0
406,40.0,9.0
407,40.0,9.0
408,40.0,9.0
409,40.0,9.0
410,40.0,8.0
411,40.0,9.0
412,40.0,9.0
413,40.0,9.0
414,40.0,9.0
415,40.0,9.0
416,40.0,9.0
417,70.0,14.0
418,70.0,14.0
419,70.0,14.0
420,70.0,14.0
421,70.0,14.0
422,70.0,14.0
423,70.0,14.0
424,70.0,14.0
425,70.0,14.0
426,70.0,14.0
427,70.0,14.0
428,70.0,14.0
429,70.0,14.0
430,70.0,14.0
431,70.0,14.0
432,70.0,14.0
433,70.0,14.0
434,70.0,15.0
435,70.0,15.0
436,70.0,15.0
437,70.0,15.0
438,70.0,15.0
439,70.0,15.0
440,70.0,15.0
441,70.0,15.0
442,70.0,15.0
443,70.0,15.0
444,70.0,15.0
445,70.0,15.0
446,70.0,15.0
447,70.0,15.0
448,70.0,15.0
449,70.0,15.0
450,70.0,15.0
451,70.0,15.0
452,70.0,15.0
453,70.0,15.0
454,70.0,15.0
455,70.0,15.0
456,70.0,15.0
457,70.0,15.0
458,70.0,15.0
459,70.0,15.0
460,70.0,15.0
461,70.0,15.0
462,70.0,15.0
463,70.0,15.0
464,70.0,15.0
465,70.0,15.0
466,70.0,15.0
467,70.0,15.0
468,70.0,15.0
469,70.0,15.0
470,70.0,15.0
471,70.0,15.0
472,70.0,15.0
473,70.0,15.0
474,70.0,15.0
475,70.0,15.0
476,70.0,15.0
477,70.0,15.0
478,70.0,15.0
479,70.0,15.0
480,70.0,15.0
481,70.0,15.0
482,70.0,15.0
483,70.0,15.0
484,70.0,15.0
485,70.0,15.0
486,70.0,15.0
487,70.0,15.0
488,70.0,15.0
489,70.0,15.0
490,70.0,15.0
491,70.0,15.0
492,70.0,15.0
493,70.0,15.0
494,70.0,15.0
495,70.0,15.0
496,70.0,15.0
497,70.0,15.0
498,70.0,15.0
499,70.0,15.0
500,70.0,15.0
501,70.0,15.0
502,70.0,15.0
503,70.0,15.0
504,70.0,15.0
505,70.0,15.0
506,70.0,15.0
507,70.0,15.0
508,70.0,15.0
509,70.0,15.0
510,70.0,15.0
511,70.0,15.0
512,70.0,15.0
513,70.0,15.0
514,70.0,15.0
515,70.0,15.0
516,70.0,15.0
517,70.0,15.0
518,70.0,15.0
519,70.0,15.0
520,70.0,15.0
521,70.0,15.0
522,70.0,15.0
523,70.0,15.0
524,70.0,15.0
525,70.0,15.0
526,70.0,15.0
527,70.0,15.0
528,70.0,15.0
529,70.0,15.0
530,70.0,15.0
531,70.0,15.0
532,70.0,15.0
533,70.0,15.0
534,70.0,15.0
535,70.0,15.0
536,70.0,15.0
537,70.0,15.0
538,70.0,15.0
539,70.0,15.0
540,70.0,15.0
541,70.0,15.0
542,70.0,15.0
543,70.0,15.0
544,70.0,15.0
545,70.0,15.0
546,70.0,15.0
547,70.0,15.0
548,70.0,15.0
549,70.0,15.0
550,70.0,15.0
551,70.0,15.0
552,70.0,15.0
553,70.0,15.0
554,70.0,15.0
555,70.0,15.0
556,70.0,15.0
557,70.0,15.0
558,70.0,15.0
559,70.0,15.0
560,70.0,15.0
561,70.0,15.0
562,70.0,15.0
563,70.0,15.0
564,70.0,15.0
565,70.0,15.0
566,70.0,15.0
567,70.0,15.0
568,70.0,15.0
569,70.0,15.0
570,70.0,15.0
571,70.0,15.0
572,70.0,15.0
573,70.0,15.0
574,70.0,15.0
575,70.0,15.0
576,70.0,15.0
577,70.0,15.0
578,70.0,15.0
579,70.0,15.0
580,70.0,15.0
581,70.0,15.0
582,70.0,15.0
583,70.0,15.0
584,70.0,15.0
585,70.0,15.0
586,70.0,15.0
587,70.0,15.0
588,70.0,15.0
589,70.0,15.0
590,70.0,15.0
591,70.0,15.0
592,70.0,15.0
593,70.0,15.0
594,70.0,15.0
595,70.0,15.0
596,70.0,15.0
597,70.0,15.0
598,70.0,15.0
599,70.0,15.0
600,70.0,15.0
601,70.0,15.0
602,70.0,15.0
603,70.0,15.0
604,70.0,15.0
605,70.0,15.0
606,70.0,15.0
607,70.0,15.0
608,70.0,15.0
609,70.0,15.0
610,70.0,15.0
611,70.0,15.0
612,70.0,15.0
613,70.0,15.0
614,70.0,15.0
615,70.0,15.0
616,70.0,15.0
617,70.0,15.0
618,70.0,15.0
619,70.0,15.0
620,70.0,15.0
621,70.0,15.0
622,70.0,15.0
623,70.0,15.0
624,70.0,15.0
625,70.0,15.0
626,70.0,15.0
627,70.0,15.0
628,70.0,15.0
629,70.0,15.0
630,70.0,15.0
631,70.0,15.0
632,70.0,15.0
633,70.0,15.0
634,70.0,15.0
635,70.0,15.0
636,70.0,15.0
637,70.0,15.0
638,70.0,15.0
639,70.0,15.0
640,70.0,15.0
641,70.0,15.0
642,70.0,15.0
643,70.0,15.0
644,70.0,15.0
645,70.0,15.0
646,70.0,15.0
647,70.0,15.0
648,70.0,15.0
649,70.0,15.0
650,70.0,15.0
651,70.0,15.0
652,70.0,15.0
653,70.0,15.0
654,70.0,15.0
655,70.0,15.0
656,70.0,15.0
657,70.0,15.0
658,70.0,15.0
659,70.0,15.0
660,70.0,15.0
661,70.0,15.0
662,70.0,15.0
663,70.0,15.0
664,70.0,15.0
665,70.0,15.0
666,70.0,15.0
667,70.0,15.0
668,70.0,15.0
669,70.0,15.0
670,70.0,15.0
671,70.0,15.0
672,70.0,15.0
673,70.0,15.0
674,70.0,15.0
675,70.0,15.0
676,70.0,15.0
677,70.0,15.0
678,70.0,15.0
679,70.0,15.0
680,70.0,15.0
681,70.0,15.0
682,70.0,15.0
683,70.0,15.0
684,70.0,15.0
685,70.0,15.0
686,70.0,15.0
687,70.0,15.0
688,70.0,15.0
689,70.0,15.0
690,70.0,15.0
691,70.0,15.0
692,70.0,15.0
693,70.0,15.0
694,70.0,15.0
695,70.0,15.0
696,70.0,15.0
697,70.0,15.0
698,70.0,15.0
699,70.0,15.0
700,70.0,15.0
701,70.0,15.0
702,70.0,15.0
703,70.0,15.0
704,70.0,15.0
705,70.0,15.0
706,70.0,15.0
707,70.0,15.0
708,70.0,15.0
709,70.0,15.0
710,70.0,15.0
711,70.0,15.0
712,70.0,15.0
713,70.0,15.0
714,70.0,15.0
715,70.0,15.0
716,70.0,15.0
717,70.0,15.0
718,70.0,15.0
719,70.0,15.0
720,70.0,15.0
721,70.0,15.0
722,70.0,15.0
723,70.0,15.0
724,70.0,15.0
725,70.0,15.0
726,70.0,15.0
727,70.0,15.0
728,70.0,15.0
729,70.0,15.0
730,70.0,15.0
731,70.0,15.0
732,70.0,15.0
733,70.0,15.0
734,70.0,15.0
735,70.0,15.0
736,70.0,15.0
737,70.0,15.0
738,70.0,15.0
739,70.0,15.0
740,70.0,15.0
741,70.0,15.0
742,70.0,15.0
743,70.0,15.0
744,90.0,19.0
745,90.0,19.0
746,90.0,19.0
747,90.0,19.0
748,90.0,19.0
749,90.0,18.0
750,90.0,19.0
751,90.0,18.0
752,90.0,19.0
753,90.0,19.0
754,90.0,19.0
755,90.0,18.0
756,90.0,19.0
757,90.0,19.0
758,90.0,19.0
759,90.0,19.0
760,90.0,18.0
761,90.0,18.0
762,90.0,18.0
763,90.0,18.0
764,90.0,18.0
765,90.0,18.0
766,90.0,18.0
767,90.0,18.0
768,90.0,18.0
769,90.0,18.0
770,90.0,18.0
771,90.0,18.0
772,90.0,18.0
773,90.0,18.0
774,90.0,18.0
775,90.0,18.0
776,90.0,18.0
777,90.0,18.0
778,100.0,21.0
779,100.0,21.0
780,100.0,21.0
781,100.0,21.0
782,100.0,21.0
783,100.0,21.0
784,100.0,21.0
785,100.0,21.0
786,100.0,21.0
787,100.0,21.0
788,10.0,3.0
789,10.0,3.0
790,10.0,3.0
791,10.0,3.0
792,10.0,3.0
793,10.0,3.0
794,10.0,3.0
795,30.0,7.0
796,30.0,7.0
797,30.0,7.0
798,30.0,7.0
799,30.0,7.0
800,30.0,7.0
801,30.0,7.0
802,30.0,7.0
803,30.0,7.0
804,30.0,7.0
805,30.0,7.0
806,30.0,7.0
807,30.0,7.0
808,30.0,7.0
809,30.0,7.0
810,30.0,7.0
811,30.0,7.0
812,30.0,7.0
813,30.0,7.0
814,30.0,7.0
815,30.0,7.0
816,30.0,7.0
817,30.0,7.0
818,30.0,7.0
819,30.0,7.0
820,30.0,7.0
821,30.0,7.0
822,30.0,7.0
823,30.0,7.0
824,30.0,7.0
825,30.0,7.0
826,30.0,7.0
827,30.0,7.0
828,30.0,7.0
829,30.0,7.0
830,30.0,7.0
831,30.0,7.0
832,30.0,7.0
833,30.0,7.0
834,30.0,7.0
835,70.0,14.0
836,60.0,13.0
837,60.0,13.0
838,90.0,19.0
839,90.0,19.0
840,90.0,19.0
841,90.0,19.0
842,90.0,19.0
843,90.0,19.0
844,90.0,19.0
845,90.0,19.0
846,90.0,19.0
847,90.0,19.0
848,90.0,19.0
849,90.0,19.0
850,90.0,19.0
851,90.0,19.0
852,90.0,19.0
853,90.0,19.0
854,90.0,19.0
855,90.0,19.0
856,90.0,19.0
857,90.0,19.0
858,90.0,19.0
859,90.0,19.0
860,90.0,19.0
861,90.0,19.0
862,90.0,19.0
863,90.0,19.0
864,90.0,19.0
865,90.0,19.0
866,90.0,19.0
867,90.0,19.0
868,90.0,19.0
869,90.0,18.0
870,90.0,18.0
871,90.0,18.0
872,90.0,18.0
873,90.0,18.0
874,90.0,18.0
875,90.0,18.0
876,90.0,18.0
877,90.0,18.0
878,90.0,18.0
879,90.0,18.0
880,90.0,18.0
881,90.0,18.0
882,90.0,18.0
883,90.0,18.0
884,90.0,18.0
885,90.0,18.0
886,90.0,18.0
887,90.0,18.0
888,90.0,18.0
889,90.0,18.0
890,90.0,18.0
891,90.0,18.0
892,90.0,18.0
893,90.0,18.0
894,90.0,18.0
895,10.0,3.0
896,10.0,3.0
897,10.0,3.0
898,10.0,3.0
899,10.0,3.0
900,10.0,3.0
901,10.0,3.0
902,10.0,3.0
903,10.0,3.0
904,10.0,3.0
905,40.0,8.0
906,40.0,8.0
907,40.0,8.0
908,40.0,8.0
909,40.0,8.0
910,40.0,8.0
911,40.0,8.0
912,40.0,8.0
913,40.0,8.0
914,40.0,8.0
915,40.0,8.0
916,40.0,8.0
917,40.0,8.0
918,40.0,8.0
919,40.0,8.0
920,40.0,8.0
921,40.0,8.0
922,40.0,8.0
923,40.0,8.0
924,40.0,8.0
925,40.0,8.0
926,40.0,8.0
927,40.0,8.0
928,40.0,8.0
929,40.0,8.0
930,40.0,8.0
931,40.0,8.0
932,40.0,8.0
933,40.0,8.0
934,40.0,8.0
935,40.0,8.0
936,40.0,8.0
937,30.0,7.0
938,40.0,8.0
939,40.0,8.0
940,40.0,8.0
941,30.0,7.0
942,30.0,7.0
943,40.0,8.0
944,30.0,7.0
945,30.0,7.0
946,40.0,8.0
947,40.0,8.0
948,40.0,8.0
949,30.0,7.0
950,40.0,8.0
951,30.0,7.0
952,30.0,7.0
953,30.0,7.0
954,40.0,8.0
955,30.0,7.0
956,30.0,7.0
957,30.0,7.0
958,30.0,7.0
959,40.0,8.0
960,40.0,8.0
961,40.0,8.0
962,40.0,8.0
963,40.0,8.0
964,30.0,7.0
965,30.0,7.0
966,70.0,15.0
967,70.0,15.0
968,70.0,15.0
969,70.0,15.0
970,70.0,15.0
971,70.0,15.0
972,70.0,15.0
973,90.0,19.0
974,90.0,19.0
975,90.0,19.0
976,90.0,19.0
977,90.0,19.0
978,90.0,19.0
979,90.0,19.0
980,90.0,19.0
981,90.0,19.0
982,90.0,19.0
983,90.0,19.0
984,90.0,19.0
985,90.0,19.0
986,90.0,19.0
987,90.0,19.0
988,90.0,19.0
989,90.0,19.0
990,90.0,19.0
991,90.0,19.0
992,90.0,19.0
993,90.0,19.0
994,90.0,18.0
995,90.0,18.0
996,90.0,18.0
997,100.0,20.0
998,100.0,20.0
999,100.0,20.0
1000,100.0,20.0
1001,100.0,20.0
1002,100.0,20.0
1003,100.0,20.0
1004,100.0,20.0
1005,100.0,20.0
1006,100.0,20.0
1007,100.0,20.0
1008,100.0,20.0
1009,90.0,19.0
1010,90.0,19.0
1011,100.0,20.0
1012,100.0,20.0
1013,100.0,20.0
1014,100.0,20.0
1015,100.0,20.0
1016,100.0,20.0
1017,100.0,20.0
1018,100.0,20.0
1019,100.0,20.0
1020,100.0,20.0
1021,100.0,20.0
1022,100.0,20.0
1023,100.0,20.0
1024,100.0,20.0
1025,100.0,20.0
1026,100.0,20.0
1027,100.0,20.0
1028,100.0,20.0
1029,100.0,20.0
1030,100.0,20.0
1031,100.0,20.0
1032,100.0,20.0
1033,100.0,20.0
1034,100.0,20.0
1035,100.0,20.0
1036,100.0,20.0
1037,100.0,20.0
1038,100.0,20.0
1039,100.0,20.0
1040,100.0,20.0
1041,100.0,20.0
1042,100.0,20.0
1043,100.0,20.0
1044,100.0,20.0
1045,100.0,20.0
1046,100.0,20.0
1047,100.0,20.0
1048,100.0,20.0
1049,100.0,20.0
1050,100.0,20.0
1051,100.0,20.0
1052,100.0,20.0
1053,100.0,20.0
1054,100.0,20.0
1055,100.0,20.0
1056,100.0,20.0
1057,100.0,20.0
1058,100.0,20.0
1059,100.0,20.0
1060,100.0,20.0
1061,100.0,20.0
1062,20.0,4.0
1063,20.0,4.0
1064,20.0,4.0
1065,20.0,4.0
1066,20.0,4.0
1067,20.0,4.0
1068,20.0,4.0
1069,20.0,4.0
1070,20.0,4.0
1071,20.0,4.0
1072,20.0,4.0
1073,20.0,4.0
1074,40.0,8.0
1075,50.0,11.0
1076,50.0,11.0
1077,50.0,11.0
1078,50.0,11.0
1079,50.0,11.0
1080,50.0,11.0
1081,50.0,11.0
1082,50.0,11.0
1083,50.0,11.0
1084,50.0,11.0
1085,50.0,11.0
1086,50.0,11.0
1087,50.0,11.0
1088,50.0,11.0
1089,50.0,11.0
1090,50.0,11.0
1091,50.0,11.0
1092,50.0,11.0
1093,50.0,11.0
1094,50.0,11.0
1095,50.0,11.0
1096,50.0,11.0
1097,50.0,11.0
1098,50.0,11.0
1099,50.0,11.0
1100,50.0,11.0
1101,50.0,11.0
1102,50.0,11.0
1103,50.0,11.0
1104,50.0,11.0
1105,50.0,11.0
1106,50.0,11.0
1107,50.0,11.0
1108,50.0,11.0
1109,50.0,11.0
1110,50.0,11.0
1111,50.0,11.0
1112,50.0,11.0
1113,50.0,11.0
1114,50.0,11.0
1115,50.0,11.0
1116,50.0,11.0
1117,50.0,11.0
1118,50.0,11.0
1119,50.0,11.0
1120,50.0,11.0
1121,50.0,11.0
1122,50.0,11.0
1123,50.0,11.0
1124,50.0,11.0
1125,50.0,11.0
1126,50.0,11.0
1127,50.0,11.0
1128,50.0,11.0
1129,50.0,11.0
1130,50.0,11.0
1131,50.0,11.0
1132,50.0,11.0
1133,50.0,11.0
1134,50.0,11.0
1135,50.0,11.0
1136,50.0,11.0
1137,50.0,11.0
1138,50.0,11.0
1139,50.0,11.0
1140,50.0,11.0
1141,50.0,11.0
1142,50.0,11.0
1143,100.0,21.0
1144,100.0,21.0
1145,100.0,21.0
1146,100.0,21.0
1147,100.0,21.0
1148,100.0,21.0
1149,100.0,21.0
1150,100.0,21.0
1151,100.0,21.0
1152,100.0,21.0
1153,100.0,21.0
1154,100.0,21.0
1155,100.0,21.0
1156,100.0,21.0
1157,100.0,21.0
1158,100.0,21.0
1159,100.0,21.0
1160,100.0,21.0
1161,100.0,21.0
1162,100.0,21.0
1163,100.0,21.0
1164,100.0,21.0
1165,100.0,21.0
1166,100.0,21.0
1167,100.0,21.0
1168,100.0,21.0
1169,100.0,21.0
1170,100.0,21.0
1171,100.0,21.0
1172,100.0,21.0
1173,100.0,21.0
1174,100.0,21.0
1175,100.0,21.0
1176,100.0,21.0
1177,100.0,21.0
1178,100.0,21.0
1179,60.0,12.0
1180,80.0,16.0
1181,80.0,16.0
1182,80.0,16.0
1183,80.0,16.0
1184,80.0,16.0
1185,80.0,16.0
1186,80.0,16.0
1187,80.0,16.0
1188,100.0,20.0
1189,100.0,20.0
1190,100.0,20.0
1191,100.0,20.0
1192,100.0,20.0
1193,100.0,20.0
1194,100.0,20.0
1195,100.0,20.0
1196,100.0,20.0
1197,100.0,20.0
1198,100.0,20.0
1199,100.0,20.0
1200,100.0,20.0
1201,100.0,20.0
1202,100.0,20.0
1203,100.0,20.0
1204,100.0,20.0
1205,100.0,20.0
1206,100.0,20.0
1207,100.0,20.0
1208,100.0,20.0
1209,100.0,20.0
1210,100.0,20.0
1211,20.0,4.0
1212,20.0,4.0
1213,20.0,4.0
1214,20.0,4.0
1215,20.0,4.0
1216,20.0,4.0
1217,20.0,4.0
1218,20.0,4.0
1219,20.0,4.0
1220,20.0,4.0
1221,20.0,4.0
1222,20.0,4.0
1223,20.0,4.0
1224,20.0,4.0
1225,20.0,4.0
1226,20.0,4.0
1227,20.0,4.0
1228,20.0,4.0
1229,20.0,4.0
1230,20.0,4.0
1231,20.0,4.0
1232,20.0,4.0
1233,20.0,4.0
1234,20.0,4.0
1235,20.0,4.0
1236,20.0,4.0
1237,20.0,4.0
1238,20.0,4.0
1239,20.0,4.0
1240,20.0,4.0
1241,30.0,7.0
1242,30.0,7.0
1243,30.0,7.0
1244,30.0,6.0
1245,30.0,6.0
1246,30.0,6.0
1247,30.0,6.0
1248,30.0,6.0
1249,100.0,21.0
1250,50.0,10.0
1251,50.0,10.0
1252,50.0,10.0
1253,50.0,10.0
1254,50.0,10.0
1255,50.0,10.0
1256,50.0,10.0
1257,50.0,10.0
1258,50.0,10.0
1259,50.0,10.0
1260,50.0,10.0
1261,50.0,10.0
1262,50.0,10.0
1263,50.0,10.0
1264,50.0,10.0
1265,50.0,10.0
1266,50.0,10.0
1267,50.0,10.0
1268,50.0,10.0
1269,70.0,15.0
1270,70.0,15.0
1271,70.0,15.0
1272,70.0,15.0
1273,70.0,15.0
1274,70.0,15.0
1275,70.0,15.0
1276,70.0,15.0
1277,70.0,15.0
1278,70.0,15.0
1279,70.0,15.0
1280,70.0,15.0
1281,70.0,15.0
1282,70.0,15.0
1283,70.0,15.0
1284,70.0,15.0
1285,70.0,15.0
1286,70.0,15.0
1287,70.0,15.0
1288,70.0,15.0
1289,70.0,15.0
1290,70.0,15.0
1291,70.0,15.0
1292,70.0,15.0
1293,70.0,15.0
1294,70.0,15.0
1295,70.0,15.0
1296,70.0,15.0
1297,70.0,15.0
1298,70.0,15.0
1299,70.0,15.0
1300,70.0,15.0
1301,70.0,15.0
1302,70.0,15.0
1303,70.0,15.0
1304,70.0,15.0
1305,70.0,15.0
1306,70.0,15.0
1307,70.0,15.0
1308,70.0,15.0
1309,70.0,15.0
1310,70.0,15.0
1311,70.0,15.0
1312,70.0,15.0
1313,70.0,15.0
1314,70.0,15.0
1315,70.0,15.0
1316,70.0,15.0
1317,70.0,15.0
1318,70.0,15.0
1319,70.0,15.0
1320,70.0,15.0
1321,70.0,15.0
1322,70.0,15.0
1323,70.0,15.0
1324,70.0,15.0
1325,70.0,15.0
1326,70.0,15.0
1327,70.0,15.0
1328,70.0,15.0
1329,70.0,15.0
1330,70.0,15.0
1331,70.0,15.0
1332,70.0,15.0
1333,70.0,15.0
1334,70.0,15.0
1335,70.0,15.0
1336,70.0,15.0
1337,70.0,15.0
1338,70.0,15.0
1339,70.0,15.0
1340,70.0,15.0
1341,70.0,15.0
1342,70.0,15.0
1343,70.0,15.0
1344,70.0,15.0
1345,70.0,15.0
1346,70.0,15.0
1347,70.0,15.0
1348,70.0,15.0
1349,70.0,15.0
1350,70.0,15.0
1351,70.0,15.0
1352,70.0,15.0
1353,70.0,15.0
1354,70.0,15.0
1355,70.0,15.0
1356,70.0,15.0
1357,70.0,15.0
1358,70.0,15.0
1359,70.0,15.0
1360,70.0,15.0
1361,70.0,15.0
1362,70.0,15.0
1363,70.0,15.0
1364,70.0,15.0
1365,70.0,15.0
1366,70.0,15.0
1367,70.0,15.0
1368,70.0,15.0
1369,70.0,15.0
1370,70.0,15.0
1371,70.0,15.0
1372,70.0,15.0
1373,70.0,15.0
1374,70.0,15.0
1375,70.0,15.0
1376,70.0,15.0
1377,70.0,15.0
1378,70.0,15.0
1379,70.0,15.0
1380,70.0,15.0
1381,70.0,15.0
1382,70.0,15.0
1383,70.0,15.0
1384,70.0,15.0
1385,70.0,15.0
1386,70.0,15.0
1387,70.0,15.0
1388,70.0,15.0
1389,70.0,15.0
1390,70.0,15.0
1391,70.0,15.0
1392,70.0,15.0
1393,70.0,15.0
1394,70.0,15.0
1395,70.0,15.0
1396,70.0,15.0
1397,70.0,15.0
1398,70.0,15.0
1399,70.0,15.0
1400,70.0,15.0
1401,70.0,15.0
1402,70.0,15.0
1403,70.0,15.0
1404,70.0,15.0
1405,70.0,15.0
1406,70.0,15.0
1407,70.0,15.0
1408,70.0,15.0
1409,70.0,15.0
1410,70.0,15.0
1411,70.0,15.0
1412,70.0,15.0
1413,70.0,15.0
1414,70.0,15.0
1415,70.0,15.0
1416,70.0,15.0
1417,70.0,15.0
1418,70.0,15.0
1419,70.0,15.0
1420,70.0,15.0
1421,70.0,15.0
1422,70.0,15.0
1423,70.0,15.0
1424,70.0,15.0
1425,70.0,15.0
1426,70.0,15.0
1427,70.0,15.0
1428,70.0,15.0
1429,70.0,15.0
1430,70.0,15.0
1431,70.0,15.0
1432,70.0,15.0
1433,70.0,15.0
1434,70.0,15.0
1435,70.0,15.0
1436,70.0,15.0
1437,70.0,15.0
1438,70.0,15.0
1439,70.0,15.0
1440,70.0,15.0
1441,70.0,15.0
1442,70.0,15.0
1443,70.0,15.0
1444,70.0,15.0
1445,70.0,15.0
1446,70.0,15.0
1447,70.0,15.0
1448,70.0,15.0
1449,70.0,15.0
1450,70.0,15.0
1451,70.0,15.0
1452,70.0,15.0
1453,70.0,15.0
1454,70.0,15.0
1455,70.0,15.0
1456,70.0,15.0
1457,70.0,15.0
1458,70.0,15.0
1459,70.0,15.0
1460,70.0,15.0
1461,70.0,15.0
1462,70.0,15.0
1463,70.0,15.0
1464,70.0,15.0
1465,70.0,15.0
1466,70.0,15.0
1467,70.0,15.0
1468,70.0,15.0
1469,70.0,15.0
1470,70.0,15.0
1471,70.0,15.0
1472,70.0,15.0
1473,70.0,15.0
1474,70.0,15.0
1475,70.0,15.0
1476,70.0,15.0
1477,70.0,15.0
1478,70.0,15.0
1479,70.0,15.0
1480,70.0,15.0
1481,70.0,15.0
1482,70.0,15.0
1483,70.0,15.0
1484,70.0,15.0
1485,70.0,15.0
1486,70.0,15.0
1487,70.0,15.0
1488,70.0,15.0
1489,70.0,15.0
1490,70.0,15.0
1491,70.0,15.0
1492,70.0,15.0
1493,70.0,15.0
1494,70.0,15.0
1495,70.0,15.0
1496,70.0,15.0
1497,70.0,15.0
1498,70.0,15.0
1499,70.0,15.0
1500,70.0,15.0
1501,70.0,15.0
1502,70.0,15.0
1503,70.0,15.0
1504,70.0,15.0
1505,70.0,15.0
1506,70.0,15.0
1507,70.0,15.0
1508,70.0,15.0
1509,70.0,15.0
1510,70.0,15.0
1511,70.0,15.0
1512,70.0,15.0
1513,70.0,15.0
1514,90.0,19.0
1515,90.0,19.0
1516,90.0,19.0
1517,90.0,19.0
1518,90.0,19.0
1519,90.0,19.0
1520,90.0,19.0
1521,90.0,19.0
1522,90.0,19.0
1523,90.0,19.0
1524,90.0,19.0
1525,90.0,19.0
1526,90.0,19.0
1527,90.0,19.0
1528,90.0,19.0
1529,90.0,19.0
1530,90.0,19.0
1531,90.0,19.0
1532,90.0,19.0
1533,90.0,19.0
1534,90.0,19.0
1535,90.0,19.0
1536,90.0,19.0
1537,90.0,19.0
1538,90.0,19.0
1539,90.0,19.0
1540,90.0,19.0
1541,90.0,19.0
1542,90.0,19.0
1543,90.0,19.0
1544,90.0,19.0
1545,100.0,20.0
1546,100.0,20.0
1547,100.0,20.0
1548,100.0,20.0
1549,100.0,20.0
1550,100.0,20.0
1551,100.0,20.0
1552,100.0,20.0
1553,100.0,20.0
1554,100.0,20.0
1555,100.0,20.0
1556,100.0,20.0
1557,0.0,-2.0
1558,0.0,-2.0
1559,0.0,-2.0
1560,0.0,-2.0
1561,30.0,7.0
1562,30.0,7.0
1563,30.0,7.0
1564,30.0,7.0
1565,30.0,7.0
1566,30.0,7.0
1567,30.0,7.0
1568,30.0,7.0
1569,30.0,7.0
1570,30.0,7.0
1571,30.0,7.0
1572,30.0,7.0
1573,30.0,7.0
1574,30.0,7.0
1575,30.0,7.0
1576,30.0,7.0
1577,30.0,7.0
1578,30.0,7.0
1579,30.0,7.0
1580,30.0,7.0
1581,30.0,7.0
1582,30.0,7.0
1583,30.0,7.0
1584,30.0,7.0
1585,30.0,7.0
1586,30.0,7.0
1587,30.0,7.0
1588,30.0,7.0
1589,30.0,7.0
1590,30.0,7.0
1591,30.0,7.0
1592,30.0,7.0
1593,30.0,7.0
1594,30.0,7.0
1595,30.0,7.0
1596,30.0,7.0
1597,30.0,7.0
1598,30.0,7.0
1599,30.0,7.0
1600,30.0,7.0
1601,30.0,7.0
1602,30.0,7.0
1603,30.0,7.0
1604,30.0,7.0
1605,30.0,7.0
1606,30.0,7.0
1607,30.0,7.0
1608,30.0,7.0
1609,30.0,7.0
1610,30.0,7.0
1611,30.0,7.0
1612,30.0,7.0
1613,30.0,7.0
1614,30.0,7.0
1615,30.0,7.0
1616,30.0,7.0
1617,30.0,7.0
1618,30.0,7.0
1619,30.0,7.0
1620,30.0,7.0
1621,30.0,7.0
1622,30.0,7.0
1623,30.0,7.0
1624,30.0,7.0
1625,30.0,7.0
1626,30.0,7.0
1627,30.0,7.0
1628,30.0,7.0
1629,30.0,7.0
1630,30.0,7.0
1631,30.0,7.0
1632,30.0,7.0
1633,30.0,7.0
1634,30.0,7.0
1635,30.0,7.0
1636,30.0,7.0
1637,30.0,7.0
1638,30.0,7.0
1639,30.0,7.0
1640,30.0,7.0
1641,30.0,7.0
1642,30.0,7.0
1643,30.0,7.0
1644,30.0,7.0
1645,30.0,7.0
1646,30.0,7.0
1647,30.0,7.0
1648,30.0,7.0
1649,30.0,7.0
1650,30.0,7.0
1651,30.0,7.0
1652,30.0,7.0
1653,30.0,7.0
1654,30.0,7.0
1655,30.0,7.0
1656,30.0,7.0
1657,30.0,7.0
1658,30.0,7.0
1659,30.0,7.0
1660,30.0,7.0
1661,30.0,7.0
1662,30.0,7.0
1663,30.0,7.0
1664,30.0,7.0
1665,30.0,7.0
1666,30.0,7.0
1667,30.0,7.0
1668,30.0,7.0
1669,30.0,7.0
1670,30.0,7.0
1671,30.0,7.0
1672,30.0,7.0
1673,30.0,7.0
1674,30.0,7.0
1675,70.0,15.0
1676,70.0,15.0
1677,70.0,15.0
1678,70.0,15.0
1679,70.0,15.0
1680,70.0,15.0
1681,70.0,15.0
1682,70.0,15.0
1683,70.0,15.0
1684,70.0,15.0
1685,70.0,15.0
1686,70.0,15.0
1687,70.0,15.0
1688,70.0,15.0
1689,70.0,15.0
1690,70.0,15.0
1691,70.0,15.0
1692,70.0,15.0
1693,70.0,15.0
1694,70.0,15.0
1695,70.0,15.0
1696,70.0,15.0
1697,70.0,15.0
1698,70.0,15.0
1699,70.0,15.0
1700,70.0,15.0
1701,70.0,15.0
1702,70.0,15.0
1703,70.0,15.0
1704,70.0,15.0
1705,70.0,15.0
1706,70.0,15.0
1707,70.0,15.0
1708,70.0,15.0
1709,70.0,15.0
1710,70.0,15.0
1711,70.0,15.0
1712,70.0,15.0
1713,70.0,15.0
1714,70.0,15.0
1715,70.0,15.0
1716,70.0,15.0
1717,70.0,15.0
1718,70.0,15.0
1719,70.0,15.0
1720,70.0,15.0
1721,70.0,15.0
1722,70.0,15.0
1723,70.0,15.0
1724,70.0,15.0
1725,70.0,15.0
1726,70.0,15.0
1727,70.0,15.0
1728,70.0,15.0
1729,70.0,15.0
1730,70.0,15.0
1731,70.0,15.0
1732,70.0,15.0
1733,70.0,15.0
1734,70.0,15.0
1735,70.0,15.0
1736,70.0,15.0
1737,70.0,15.0
1738,70.0,15.0
1739,70.0,15.0
1740,70.0,15.0
1741,70.0,15.0
1742,70.0,15.0
1743,70.0,15.0
1744,70.0,15.0
1745,100.0,20.0
1746,100.0,20.0
1747,100.0,20.0
1748,100.0,20.0
1749,100.0,20.0
1750,100.0,20.0
1751,100.0,20.0
1752,100.0,20.0
1753,100.0,20.0
1754,100.0,20.0
1755,100.0,20.0
1756,100.0,20.0
1757,100.0,20.0
1758,100.0,20.0
1759,100.0,20.0
1760,100.0,20.0
1761,100.0,20.0
1762,100.0,20.0
1763,100.0,20.0
1764,100.0,20.0
1765,100.0,20.0
1766,100.0,20.0
1767,100.0,20.0
1768,100.0,20.0
1769,100.0,20.0
1770,100.0,20.0
1771,100.0,20.0
1772,100.0,20.0
1773,100.0,20.0
1774,100.0,20.0
1775,100.0,20.0
1776,100.0,20.0
1777,100.0,20.0
1778,100.0,20.0
1779,100.0,20.0
1780,100.0,20.0
1781,100.0,20.0
1782,100.0,20.0
1783,100.0,20.0
1784,100.0,20.0
1785,100.0,20.0
1786,100.0,20.0
1787,100.0,20.0
1788,100.0,20.0
1789,100.0,20.0
1790,100.0,20.0
1791,100.0,20.0
1792,100.0,20.0
1793,100.0,20.0
1794,100.0,20.0
1795,100.0,20.0
1796,100.0,20.0
1797,100.0,20.0
1798,100.0,20.0
1799,100.0,20.0
1800,100.0,20.0
1801,100.0,20.0
1802,100.0,20.0
1803,100.0,20.0
1804,100.0,20.0
1805,100.0,20.0
1806,100.0,20.0
1807,100.0,20.0
1808,100.0,20.0
1809,100.0,20.0
1810,100.0,20.0
1811,100.0,20.0
1812,100.0,20.0
1813,100.0,20.0
1814,100.0,20.0
1815,100.0,20.0
1816,100.0,20.0
1817,100.0,20.0
1818,100.0,20.0
1819,100.0,20.0
1820,100.0,20.0
1821,100.0,20.0
1822,100.0,20.0
1823,100.0,20.0
1824,100.0,20.0
1825,100.0,20.0
1826,100.0,20.0
1827,100.0,20.0
1828,100.0,20.0
1829,100.0,20.0
1830,100.0,20.0
1831,20.0,4.0
1832,20.0,4.0
1833,20.0,4.0
1834,20.0,4.0
1835,20.0,4.0
1836,20.0,4.0
1837,20.0,4.0
1838,20.0,4.0
1839,30.0,7.0
1840,30.0,7.0
1841,30.0,7.0
1842,30.0,7.0
1843,30.0,7.0
1844,30.0,7.0
1845,30.0,7.0
1846,30.0,7.0
1847,30.0,7.0
1848,30.0,7.0
1849,30.0,7.0
1850,30.0,7.0
1851,30.0,7.0
1852,30.0,7.0
1853,30.0,7.0
1854,40.0,8.0
1855,40.0,8.0
1856,40.0,8.0
1857,40.0,8.0
1858,40.0,8.0
1859,40.0,8.0
1860,40.0,8.0
1861,40.0,8.0
1862,40.0,8.0
1863,40.0,8.0
1864,40.0,8.0
1865,40.0,8.0
1866,40.0,8.0
1867,40.0,8.0
1868,40.0,8.0
1869,40.0,8.0
1870,40.0,8.0
1871,40.0,8.0
1872,40.0,8.0
1873,40.0,8.0
1874,40.0,8.0
1875,40.0,8.0
1876,40.0,8.0
1877,40.0,8.0
1878,40.0,8.0
1879,40.0,8.0
1880,90.0,18.0
1881,90.0,18.0
1882,90.0,18.0
1883,90.0,18.0
1884,90.0,18.0
1885,90.0,18.0
1886,90.0,18.0
1887,90.0,18.0
1888,90.0,18.0
1889,90.0,18.0
1890,90.0,18.0
1891,90.0,18.0
1892,90.0,18.0
1893,90.0,18.0
1894,90.0,18.0
1895,90.0,18.0
1896,90.0,18.0
1897,90.0,18.0
1898,90.0,18.0
1899,90.0,18.0
1900,90.0,18.0
1901,90.0,18.0
1902,90.0,18.0
1903,90.0,18.0
1904,90.0,18.0
1905,100.0,20.0
1906,100.0,20.0
1907,100.0,20.0
1908,100.0,20.0
1909,100.0,20.0
1910,20.0,4.0
1911,20.0,4.0
1912,20.0,4.0
1913,20.0,4.0
1914,20.0,4.0
1915,10.0,3.0
1916,20.0,4.0
1917,20.0,4.0
1918,20.0,4.0
1919,20.0,4.0
1920,20.0,4.0
1921,20.0,4.0
1922,20.0,4.0
1923,20.0,4.0
1924,70.0,14.0
1925,60.0,13.0
1926,70.0,14.0
1927,70.0,14.0
1928,90.0,19.0
1929,90.0,19.0
1930,90.0,19.0
1931,90.0,19.0
1932,90.0,19.0
1933,90.0,19.0
1934,90.0,19.0
1935,20.0,5.0
1936,0.0,-3.0
1937,0.0,-3.0
1938,20.0,4.0
1939,20.0,4.0
1940,20.0,4.0
1941,20.0,5.0
1942,20.0,5.0
1943,20.0,5.0
1944,20.0,5.0
1945,20.0,5.0
1946,20.0,4.0
1947,20.0,4.0
1948,20.0,5.0
1949,20.0,5.0
1950,20.0,5.0
1951,20.0,5.0
1952,20.0,5.0
1953,20.0,5.0
1954,20.0,5.0
1955,20.0,5.0
1956,20.0,5.0
1957,20.0,5.0
1958,20.0,5.0
1959,100.0,21.0
1960,60.0,13.0
1961,60.0,13.0
1962,90.0,18.0
1963,90.0,18.0
1964,90.0,18.0
1965,90.0,18.0
1966,90.0,18.0
1967,100.0,20.0
1968,100.0,20.0
1969,100.0,20.0
1970,20.0,4.0
1971,10.0,3.0
1972,100.0,21.0
1973,100.0,21.0
1974,10.0,3.0
1975,10.0,3.0
1976,10.0,2.0
1977,10.0,3.0
1978,20.0,4.0
1979,20.0,4.0
1980,20.0,4.0
1981,20.0,4.0
1982,20.0,4.0
1983,20.0,4.0
1984,20.0,5.0
1985,20.0,5.0
1986,20.0,5.0
1987,20.0,5.0
1988,20.0,5.0
1989,20.0,4.0
1990,20.0,5.0
1991,20.0,5.0
1992,20.0,5.0
1993,20.0,4.0
1994,20.0,4.0
1995,20.0,5.0
1996,60.0,12.0
1997,60.0,12.0
1998,60.0,12.0
1999,60.0,12.0
2000,60.0,12.0
2001,60.0,12.0
2002,60.0,12.0
2003,60.0,12.0
2004,60.0,12.0
2005,60.0,12.0
2006,60.0,12.0
2007,60.0,12.0
2008,60.0,12.0
2009,60.0,12.0
2010,60.0,12.0
2011,60.0,12.0
2012,60.0,12.0
2013,60.0,12.0
2014,60.0,12.0
2015,60.0,12.0
2016,60.0,12.0
2017,60.0,12.0
2018,60.0,12.0
2019,60.0,12.0
2020,90.0,19.0
2021,90.0,19.0
2022,90.0,19.0
2023,90.0,19.0
2024,90.0,19.0
2025,90.0,19.0
2026,90.0,19.0
2027,90.0,19.0
2028,90.0,19.0
2029,90.0,19.0
2030,90.0,19.0
2031,90.0,19.0
2032,90.0,19.0
2033,90.0,19.0
2034,90.0,19.0
2035,90.0,19.0
2036,90.0,19.0
2037,90.0,19.0
2038,90.0,19.0
2039,90.0,19.0
2040,90.0,19.0
2041,90.0,19.0
2042,90.0,19.0
2043,90.0,19.0
2044,90.0,19.0
2045,90.0,19.0
2046,90.0,19.0
2047,90.0,19.0
2048,90.0,19.0
2049,90.0,19.0
2050,90.0,19.0
2051,90.0,19.0
2052,90.0,19.0
2053,90.0,19.0
2054,90.0,19.0
2055,90.0,19.0
2056,90.0,19.0
2057,90.0,19.0
2058,90.0,19.0
2059,90.0,19.0
2060,90.0,19.0
2061,90.0,19.0
2062,90.0,19.0
2063,90.0,19.0
2064,90.0,19.0
2065,90.0,19.0
2066,90.0,19.0
2067,90.0,19.0
2068,90.0,19.0
2069,90.0,19.0
2070,90.0,19.0
2071,90.0,19.0
2072,90.0,19.0
2073,90.0,19.0
2074,90.0,19.0
2075,90.0,19.0
2076,90.0,19.0
2077,90.0,19.0
2078,90.0,19.0
2079,90.0,19.0
2080,90.0,19.0
2081,90.0,19.0
2082,90.0,19.0
2083,90.0,19.0
2084,90.0,19.0
2085,90.0,19.0
2086,90.0,19.0
2087,90.0,19.0
2088,90.0,19.0
2089,90.0,19.0
2090,90.0,19.0
2091,90.0,19.0
2092,90.0,19.0
2093,90.0,19.0
2094,90.0,19.0
2095,90.0,19.0
2096,90.0,19.0
2097,90.0,19.0
2098,90.0,19.0
2099,90.0,19.0
2100,90.0,19.0
2101,90.0,19.0
2102,90.0,19.0
2103,90.0,19.0
2104,90.0,19.0
2105,90.0,19.0
2106,90.0,19.0
2107,90.0,19.0
2108,90.0,19.0
2109,90.0,19.0
2110,90.0,19.0
2111,90.0,19.0
2112,90.0,19.0
2113,90.0,19.0
2114,90.0,19.0
2115,90.0,19.0
2116,90.0,19.0
2117,90.0,19.0
2118,90.0,19.0
2119,90.0,19.0
2120,90.0,19.0
2121,90.0,19.0
2122,90.0,19.0
2123,90.0,19.0
2124,90.0,19.0
2125,90.0,19.0
2126,90.0,19.0
2127,90.0,19.0
2128,90.0,19.0
2129,90.0,19.0
2130,90.0,19.0
2131,90.0,19.0
2132,90.0,19.0
2133,90.0,19.0
2134,90.0,19.0
2135,90.0,19.0
2136,90.0,19.0
2137,90.0,19.0
2138,90.0,19.0
2139,90.0,19.0
2140,90.0,19.0
2141,90.0,19.0
2142,90.0,19.0
2143,90.0,19.0
2144,90.0,19.0
2145,90.0,19.0
2146,90.0,19.0
2147,90.0,19.0
2148,90.0,19.0
2149,90.0,19.0
2150,90.0,19.0
2151,90.0,19.0
2152,90.0,19.0
2153,90.0,19.0
2154,90.0,19.0
2155,90.0,19.0
2156,90.0,19.0
2157,90.0,19.0
2158,90.0,19.0
2159,90.0,19.0
2160,90.0,19.0
2161,90.0,19.0
2162,90.0,19.0
2163,90.0,19.0
2164,90.0,19.0
2165,90.0,19.0
2166,90.0,19.0
2167,90.0,19.0
2168,90.0,19.0
2169,90.0,19.0
2170,90.0,19.0
2171,90.0,19.0
2172,90.0,19.0
2173,90.0,19.0
2174,90.0,19.0
2175,90.0,19.0
2176,90.0,19.0
2177,90.0,19.0
2178,90.0,19.0
2179,90.0,19.0
2180,90.0,19.0
2181,90.0,19.0
2182,90.0,19.0
2183,90.0,19.0
2184,90.0,19.0
2185,90.0,19.0
2186,90.0,19.0
2187,90.0,19.0
2188,90.0,19.0
2189,90.0,19.0
2190,90.0,19.0
2191,90.0,19.0
2192,90.0,19.0
2193,90.0,19.0
2194,90.0,19.0
2195,90.0,19.0
2196,90.0,19.0
2197,90.0,19.0
2198,90.0,19.0
2199,90.0,19.0
2200,90.0,19.0
2201,90.0,19.0
2202,90.0,19.0
2203,90.0,19.0
2204,90.0,19.0
2205,90.0,19.0
2206,90.0,19.0
2207,90.0,19.0
2208,90.0,19.0
2209,90.0,19.0
2210,90.0,19.0
2211,90.0,19.0
2212,90.0,19.0
2213,90.0,19.0
2214,90.0,19.0
2215,90.0,19.0
2216,90.0,19.0
2217,90.0,19.0
2218,90.0,19.0
2219,90.0,19.0
2220,90.0,19.0
2221,90.0,19.0
2222,90.0,19.0
2223,90.0,19.0
2224,90.0,19.0
2225,90.0,19.0
2226,90.0,19.0
2227,90.0,19.0
2228,90.0,19.0
2229,90.0,19.0
2230,90.0,19.0
2231,90.0,19.0
2232,90.0,19.0
2233,90.0,19.0
2234,90.0,19.0
2235,90.0,19.0
2236,90.0,19.0
2237,90.0,19.0
2238,90.0,19.0
2239,100.0,20.0
2240,100.0,20.0
2241,100.0,20.0
2242,100.0,20.0
2243,100.0,20.0
2244,100.0,20.0
2245,100.0,20.0
2246,100.0,20.0
2247,100.0,20.0
2248,100.0,20.0
2249,100.0,20.0
2250,100.0,20.0
2251,100.0,20.0
2252,100.0,20.0
2253,10.0,3.0
2254,10.0,2.0
2255,0.0,-1.0
2256,0.0,-1.0
2257,0.0,-1.0
2258,0.0,-1.0
2259,0.0,-1.0
2260,0.0,-1.0
2261,0.0,-1.0
2262,0.0,-1.0
2263,0.0,-1.0
2264,40.0,9.0
2265,40.0,9.0
2266,40.0,9.0
2267,40.0,9.0
2268,70.0,14.0
2269,70.0,14.0
2270,70.0,14.0
2271,70.0,14.0
2272,80.0,17.0
2273,80.0,17.0
2274,80.0,17.0
2275,80.0,17.0
2276,80.0,17.0
2277,80.0,17.0
2278,80.0,17.0
2279,80.0,17.0
2280,80.0,17.0
2281,80.0,17.0
2282,80.0,17.0
2283,80.0,17.0
2284,80.0,17.0
2285,80.0,17.0
2286,80.0,17.0
2287,80.0,17.0
2288,80.0,17.0
2289,80.0,17.0
2290,100.0,20.0
2291,100.0,20.0
2292,100.0,20.0
2293,100.0,20.0
2294,100.0,20.0
2295,100.0,20.0
2296,100.0,20.0
2297,100.0,20.0
2298,100.0,20.0
2299,100.0,20.0
2300,100.0,20.0
2301,100.0,20.0
2302,100.0,20.0
2303,100.0,20.0
2304,100.0,20.0
2305,100.0,20.0
2306,100.0,20.0
2307,100.0,20.0
2308,100.0,20.0
2309,100.0,20.0
2310,100.0,20.0
2311,100.0,20.0
2312,100.0,20.0
2313,100.0,20.0
2314,100.0,20.0
2315,100.0,20.0
2316,100.0,20.0
2317,100.0,20.0
2318,100.0,20.0
2319,100.0,20.0
2320,100.0,20.0
2321,100.0,20.0
2322,100.0,20.0
2323,10.0,3.0
2324,10.0,3.0
2325,10.0,3.0
2326,20.0,4.0
2327,10.0,3.0
2328,20.0,4.0
2329,30.0,6.0
2330,30.0,6.0
2331,30.0,6.0
2332,30.0,6.0
2333,30.0,6.0
2334,30.0,6.0
2335,30.0,6.0
2336,30.0,6.0
2337,30.0,6.0
2338,30.0,6.0
2339,30.0,6.0
2340,30.0,6.0
2341,30.0,6.0
2342,70.0,15.0
2343,70.0,15.0
2344,70.0,15.0
2345,70.0,15.0
2346,70.0,15.0
2347,70.0,15.0
2348,70.0,15.0
2349,70.0,15.0
2350,70.0,15.0
2351,100.0,20.0
2352,100.0,20.0
2353,100.0,20.0
2354,100.0,20.0
2355,100.0,20.0
2356,100.0,20.0
2357,100.0,20.0
2358,100.0,20.0
2359,100.0,20.0
2360,100.0,20.0
2361,20.0,4.0
2362,20.0,4.0
2363,20.0,4.0
2364,20.0,4.0
2365,20.0,4.0
2366,20.0,4.0
2367,20.0,4.0
2368,20.0,4.0
2369,20.0,4.0
2370,20.0,4.0
2371,20.0,4.0
2372,20.0,4.0
2373,20.0,4.0
2374,20.0,4.0
2375,20.0,4.0
2376,20.0,4.0
2377,20.0,4.0
2378,10.0,3.0
2379,20.0,4.0
2380,20.0,4.0
2381,20.0,4.0
2382,10.0,3.0
2383,10.0,3.0
2384,10.0,3.0
2385,20.0,4.0
2386,10.0,3.0
2387,20.0,4.0
2388,20.0,4.0
2389,20.0,4.0
2390,20.0,4.0
2391,20.0,4.0
2392,20.0,4.0
2393,20.0,4.0
2394,20.0,4.0
2395,20.0,4.0
2396,20.0,4.0
2397,20.0,4.0
2398,20.0,4.0
2399,20.0,4.0
2400,10.0,3.0
2401,60.0,13.0
2402,60.0,13.0
2403,60.0,13.0
2404,60.0,13.0
2405,60.0,13.0
2406,60.0,13.0
2407,60.0,13.0
2408,60.0,13.0
2409,60.0,13.0
2410,60.0,13.0
2411,100.0,20.0
2412,100.0,20.0
2413,100.0,20.0
2414,100.0,20.0
2415,100.0,20.0
2416,100.0,20.0
2417,100.0,20.0
2418,100.0,20.0
2419,100.0,20.0
2420,100.0,20.0
2421,100.0,20.0
2422,100.0,20.0
2423,100.0,20.0
2424,80.0,16.0
2425,80.0,16.0
2426,80.0,16.0
2427,80.0,16.0
2428,0.0,-3.0
2429,0.0,-3.0
2430,0.0,0.0
2431,10.0,3.0
2432,0.0,-3.0
2433,0.0,-1.0
2434,0.0,-2.0
2435,0.0,-2.0
2436,0.0,-2.0
2437,0.0,-2.0
2438,0.0,-2.0
2439,30.0,6.0
2440,0.0,-6.0
2441,50.0,11.0
2442,60.0,12.0
2443,60.0,12.0
2444,60.0,12.0
2445,60.0,12.0
2446,60.0,12.0
2447,60.0,12.0
2448,60.0,12.0
2449,60.0,12.0
2450,60.0,12.0
2451,50.0,11.0
2452,70.0,14.0
2453,70.0,14.0
2454,70.0,14.0
2455,70.0,14.0
2456,70.0,14.0
2457,70.0,14.0
2458,70.0,14.0
2459,70.0,14.0
2460,70.0,14.0
2461,90.0,19.0
2462,90.0,19.0
2463,90.0,19.0
2464,100.0,21.0
2465,100.0,21.0
2466,100.0,21.0
2467,100.0,21.0
2468,100.0,21.0
2469,100.0,21.0
2470,100.0,21.0
2471,100.0,21.0
2472,100.0,21.0
2473,100.0,21.0
2474,10.0,3.0
2475,10.0,3.0
2476,10.0,3.0
2477,100.0,21.0
2478,0.0,-6.0
2479,0.0,-6.0
2480,100.0,21.0
2481,100.0,21.0
2482,100.0,21.0
2483,100.0,21.0
2484,100.0,21.0
2485,100.0,21.0
2486,100.0,21.0
2487,100.0,21.0
2488,100.0,21.0
2489,100.0,21.0
2490,10.0,3.0
2491,60.0,13.0
2492,60.0,13.0
2493,60.0,13.0
2494,60.0,13.0
2495,60.0,13.0
2496,90.0,19.0
2497,90.0,19.0
2498,90.0,19.0
2499,90.0,19.0
2500,90.0,19.0
2501,90.0,19.0
2502,90.0,19.0
2503,90.0,19.0
2504,90.0,19.0
2505,90.0,19.0
2506,90.0,19.0
2507,90.0,19.0
2508,90.0,19.0
2509,90.0,19.0
2510,90.0,19.0
2511,90.0,19.0
2512,90.0,19.0
2513,90.0,19.0
2514,90.0,19.0
2515,90.0,19.0
2516,90.0,19.0
2517,90.0,19.0
2518,90.0,19.0
2519,90.0,19.0
2520,90.0,19.0
2521,90.0,19.0
2522,90.0,19.0
2523,90.0,19.0
2524,90.0,19.0
2525,90.0,19.0
2526,90.0,19.0
2527,90.0,19.0
2528,90.0,19.0
2529,90.0,19.0
2530,90.0,19.0
2531,90.0,19.0
2532,90.0,19.0
2533,90.0,19.0
2534,90.0,19.0
2535,90.0,19.0
2536,90.0,19.0
2537,90.0,19.0
2538,90.0,19.0
2539,90.0,19.0
2540,90.0,19.0
2541,90.0,19.0
2542,90.0,19.0
2543,90.0,19.0
2544,90.0,19.0
2545,90.0,19.0
2546,90.0,19.0
2547,90.0,19.0
2548,90.0,19.0
2549,90.0,19.0
2550,90.0,19.0
2551,90.0,19.0
2552,90.0,19.0
2553,90.0,19.0
2554,90.0,19.0
2555,90.0,19.0
2556,90.0,19.0
2557,90.0,19.0
2558,90.0,19.0
2559,90.0,19.0
2560,90.0,19.0
2561,90.0,19.0
2562,90.0,19.0
2563,90.0,19.0
2564,90.0,19.0
2565,90.0,19.0
2566,90.0,19.0
2567,90.0,19.0
2568,90.0,19.0
2569,90.0,19.0
2570,90.0,19.0
2571,90.0,19.0
2572,90.0,19.0
2573,90.0,19.0
2574,90.0,19.0
2575,90.0,19.0
2576,90.0,19.0
2577,90.0,19.0
2578,90.0,19.0
2579,90.0,19.0
2580,90.0,19.0
2581,90.0,19.0
2582,90.0,19.0
2583,90.0,19.0
2584,90.0,19.0
2585,90.0,19.0
2586,90.0,19.0
2587,90.0,19.0
2588,90.0,19.0
2589,90.0,19.0
2590,90.0,19.0
2591,90.0,19.0
2592,90.0,19.0
2593,90.0,19.0
2594,90.0,19.0
2595,90.0,19.0
2596,90.0,19.0
2597,90.0,19.0
2598,90.0,19.0
2599,90.0,19.0
2600,90.0,19.0
2601,90.0,19.0
2602,90.0,19.0
2603,90.0,19.0
2604,90.0,19.0
2605,90.0,19.0
2606,90.0,19.0
2607,90.0,19.0
2608,90.0,19.0
2609,90.0,19.0
2610,90.0,19.0
2611,90.0,19.0
2612,90.0,19.0
2613,90.0,19.0
2614,90.0,19.0
2615,90.0,19.0
2616,90.0,19.0
2617,90.0,19.0
2618,90.0,19.0
2619,90.0,19.0
2620,90.0,19.0
2621,90.0,19.0
2622,90.0,19.0
2623,90.0,19.0
2624,90.0,19.0
2625,90.0,19.0
2626,90.0,19.0
2627,90.0,19.0
2628,90.0,19.0
2629,90.0,19.0
2630,90.0,19.0
2631,90.0,19.0
2632,90.0,19.0
2633,90.0,19.0
2634,90.0,19.0
2635,90.0,19.0
2636,90.0,19.0
2637,90.0,19.0
2638,90.0,19.0
2639,90.0,19.0
2640,90.0,19.0
2641,90.0,19.0
2642,90.0,19.0
2643,90.0,19.0
2644,90.0,19.0
2645,90.0,19.0
2646,90.0,19.0
2647,90.0,19.0
2648,90.0,19.0
2649,90.0,19.0
2650,90.0,19.0
2651,90.0,19.0
2652,90.0,19.0
2653,90.0,19.0
2654,90.0,19.0
2655,90.0,19.0
2656,90.0,19.0
2657,90.0,19.0
2658,90.0,19.0
2659,90.0,19.0
2660,90.0,19.0
2661,90.0,19.0
2662,90.0,19.0
2663,90.0,19.0
2664,90.0,19.0
2665,90.0,19.0
2666,90.0,19.0
2667,90.0,19.0
2668,90.0,19.0
2669,90.0,19.0
2670,90.0,19.0
2671,90.0,19.0
2672,90.0,19.0
2673,90.0,19.0
2674,90.0,19.0
2675,90.0,19.0
2676,90.0,19.0
2677,90.0,19.0
2678,90.0,19.0
2679,90.0,19.0
2680,90.0,19.0
2681,90.0,19.0
2682,90.0,19.0
2683,90.0,19.0
2684,90.0,19.0
2685,90.0,19.0
2686,90.0,19.0
2687,90.0,19.0
2688,90.0,19.0
2689,90.0,19.0
2690,90.0,19.0
2691,90.0,19.0
2692,90.0,19.0
2693,90.0,19.0
2694,90.0,19.0
2695,90.0,19.0
2696,90.0,19.0
2697,90.0,19.0
2698,90.0,19.0
2699,90.0,19.0
2700,90.0,19.0
2701,90.0,19.0
2702,90.0,19.0
2703,90.0,19.0
2704,90.0,19.0
2705,90.0,19.0
2706,90.0,19.0
2707,90.0,19.0
2708,90.0,19.0
2709,90.0,19.0
2710,90.0,19.0
2711,90.0,19.0
2712,90.0,19.0
2713,90.0,19.0
2714,90.0,19.0
2715,90.0,19.0
2716,90.0,19.0
2717,90.0,19.0
2718,90.0,19.0
2719,90.0,19.0
2720,90.0,19.0
2721,90.0,19.0
2722,90.0,19.0
2723,90.0,19.0
2724,90.0,19.0
2725,90.0,19.0
2726,90.0,19.0
2727,90.0,19.0
2728,90.0,19.0
2729,90.0,19.0
2730,90.0,19.0
2731,90.0,19.0
2732,90.0,19.0
2733,90.0,19.0
2734,90.0,19.0
2735,90.0,19.0
2736,90.0,19.0
2737,90.0,19.0
2738,90.0,19.0
2739,90.0,19.0
2740,90.0,19.0
2741,90.0,19.0
2742,90.0,19.0
2743,90.0,19.0
2744,90.0,19.0
2745,90.0,19.0
2746,90.0,19.0
2747,90.0,19.0
2748,90.0,19.0
2749,90.0,19.0
2750,90.0,19.0
2751,90.0,19.0
2752,90.0,19.0
2753,90.0,19.0
2754,90.0,19.0
2755,90.0,19.0
2756,90.0,19.0
2757,90.0,19.0
2758,90.0,19.0
2759,90.0,19.0
2760,90.0,19.0
2761,90.0,19.0
2762,90.0,19.0
2763,90.0,19.0
2764,90.0,19.0
2765,90.0,19.0
2766,90.0,19.0
2767,90.0,19.0
2768,90.0,19.0
2769,90.0,19.0
2770,90.0,19.0
2771,90.0,19.0
2772,90.0,19.0
2773,90.0,19.0
2774,90.0,19.0
2775,90.0,19.0
2776,90.0,19.0
2777,90.0,19.0
2778,90.0,19.0
2779,90.0,19.0
2780,90.0,19.0
2781,90.0,19.0
2782,0.0,0.0
2783,0.0,0.0
2784,0.0,0.0
2785,0.0,0.0
2786,0.0,0.0
2787,0.0,0.0
2788,0.0,0.0
2789,0.0,0.0
2790,0.0,0.0
2791,0.0,0.0
2792,0.0,0.0
2793,100.0,21.0
2794,100.0,21.0
2795,100.0,21.0
2796,100.0,21.0
2797,100.0,21.0
2798,100.0,21.0
2799,100.0,21.0
2800,50.0,11.0
2801,70.0,14.0
2802,100.0,21.0
2803,100.0,21.0
2804,100.0,21.0
2805,100.0,21.0
2806,60.0,12.0
2807,50.0,11.0
2808,50.0,11.0
2809,60.0,12.0
2810,50.0,11.0
2811,60.0,12.0
2812,100.0,21.0
2813,70.0,14.0
2814,70.0,14.0
2815,70.0,14.0
2816,70.0,14.0
2817,70.0,14.0
2818,70.0,14.0
2819,70.0,14.0
2820,70.0,14.0
2821,70.0,14.0
2822,70.0,14.0
2823,70.0,14.0
2824,70.0,14.0
2825,70.0,14.0
2826,80.0,16.0
2827,80.0,16.0
2828,80.0,16.0
2829,80.0,16.0
2830,80.0,17.0
2831,80.0,17.0
2832,100.0,21.0
2833,100.0,21.0
2834,30.0,7.0
2835,100.0,21.0
2836,40.0,8.0
2837,40.0,8.0
2838,40.0,9.0
2839,40.0,9.0
2840,40.0,9.0
2841,40.0,9.0
2842,50.0,10.0
2843,40.0,9.0
2844,40.0,9.0
2845,50.0,10.0
2846,50.0,10.0
2847,50.0,10.0
2848,50.0,10.0
2849,50.0,10.0
2850,50.0,10.0
2851,50.0,10.0
2852,50.0,10.0
2853,50.0,10.0
2854,100.0,21.0
2855,100.0,21.0
2856,100.0,21.0
2857,100.0,21.0
2858,100.0,21.0
2859,0.0,0.0
2860,0.0,0.0
2861,0.0,0.0
2862,0.0,0.0
2863,0.0,0.0
2864,0.0,0.0
2865,0.0,0.0
2866,0.0,0.0
2867,0.0,0.0
2868,0.0,0.0
2869,0.0,0.0
2870,0.0,0.0
2871,100.0,21.0
2872,100.0,21.0
2873,100.0,21.0
2874,10.0,3.0
2875,0.0,-7.0
2876,0.0,0.0
2877,0.0,0.0
2878,0.0,0.0
2879,0.0,0.0
2880,0.0,0.0
2881,0.0,0.0
2882,0.0,0.0
2883,0.0,0.0
2884,0.0,0.0
2885,0.0,0.0
2886,0.0,0.0
2887,0.0,0.0
2888,0.0,0.0
2889,0.0,0.0
2890,0.0,0.0
2891,0.0,0.0
2892,0.0,0.0
2893,0.0,0.0
2894,0.0,0.0
2895,10.0,3.0
2896,0.0,-7.0
2897,10.0,3.0
2898,0.0,-7.0
2899,10.0,3.0
2900,0.0,0.0
2901,0.0,0.0
2902,0.0,0.0
2903,0.0,0.0
2904,10.0,3.0
2905,0.0,-7.0
2906,10.0,3.0
2907,0.0,-6.0
2908,0.0,-6.0
2909,0.0,-6.0
2910,0.0,-6.0
2911,0.0,-6.0
2912,0.0,-5.0
2913,0.0,-5.0
2914,0.0,-5.0
2915,0.0,-5.0
2916,40.0,8.0
2917,0.0,-7.0
2918,10.0,3.0
2919,10.0,3.0
2920,0.0,-6.0
2921,10.0,3.0
2922,0.0,-6.0
2923,0.0,-4.0
2924,10.0,3.0
2925,10.0,3.0
2926,0.0,-4.0
2927,10.0,3.0
2928,10.0,3.0
2929,0.0,-4.0
2930,10.0,3.0
2931,0.0,-4.0
2932,0.0,-4.0
2933,10.0,3.0
2934,0.0,-4.0
2935,0.0,-4.0
2936,10.0,3.0
2937,0.0,-4.0
2938,0.0,-4.0
2939,10.0,3.0
2940,0.0,-4.0
2941,10.0,3.0
2942,0.0,-4.0
2943,10.0,3.0
2944,0.0,-4.0
2945,10.0,3.0
2946,0.0,-4.0
2947,0.0,-4.0
2948,10.0,3.0
2949,0.0,-4.0
2950,0.0,-4.0
2951,10.0,3.0
2952,0.0,-4.0
2953,0.0,-4.0
2954,0.0,-4.0
2955,10.0,3.0
2956,0.0,-4.0
2957,0.0,-4.0
2958,10.0,3.0
2959,0.0,-4.0
2960,10.0,3.0
2961,100.0,21.0
2962,100.0,21.0
2963,0.0,-4.0
2964,100.0,21.0
2965,100.0,21.0
2966,100.0,21.0
2967,100.0,21.0
2968,100.0,21.0
2969,100.0,21.0
2970,20.0,5.0
2971,10.0,3.0
2972,10.0,3.0
2973,100.0,21.0
2974,100.0,21.0
2975,10.0,3.0
2976,30.0,3.0
2977,30.0,6.0
2978,0.0,0.0
2979,0.0,0.0
2980,30.0,7.0
2981,0.0,0.0
2982,10.0,2.0
2983,10.0,2.0
2984,30.0,7.0
2985,0.0,0.0
2986,0.0,0.0
2987,0.0,0.0
2988,0.0,0.0
2989,0.0,0.0
2990,0.0,0.0
2991,0.0,0.0
2992,0.0,0.0
2993,0.0,0.0
2994,0.0,0.0
2995,0.0,0.0
2996,0.0,0.0
2997,0.0,0.0
2998,0.0,0.0
2999,0.0,0.0
3000,0.0,0.0
3001,0.0,0.0
3002,0.0,0.0
3003,0.0,0.0
3004,30.0,7.0
3005,20.0,4.0
3006,0.0,0.0
